type,title,creator,publication_year,description
album,Caf√© Utopia,Darren Swaniawski,1970,Hic quaerat vitae voluptas.
album,Blue Cup,Una Runolfsson,1976,Sequi ut occaecati sint.
album,Hello Equinox,Wiley Bradtke,1987,Quo ad id unde.
book,American Forrester,Jamel Gaylord,1967,Sunt nam adipisci sit.
album,Split Bean,Ernest Abbott,1974,Repellendus et voluptas praesentium.
book,American ,Freddie Oberbrunner V,2003,Omnis est et veniam.
album,Good-morning Nuts,Rayna Weber,2008,Assumenda iure sunt sed.
album,The Captain's Light,Valarie Swift MD,1951,Numquam rem ad non.
book,Express Coffee,Yuriko Thiel,1939,Eveniet sit iusto quia.
album,Split Utopia,Fransisca Adams PhD,1954,Rerum ut assumenda adipisci.
book,Good-morning Mug,Moshe Wiza,1970,Molestiae sit et sit.
album,The Look,Mrs. Soon McCullough,1976,Quas aut atque accusantium.
book,KrebStar Breaker,Calandra Wintheiser,2016,Eum facilis et neque.
album,Heart Town,Moshe Cole,1944,Et sint enim dolore.
book,Wake-up Utopia,Timika Hintz,2003,Molestiae quis omnis nisi.
album,Dark Been,Dr. Marcelene Wolf,1957,Omnis sed vero sit.
album,Blacktop Choice,Mr. Elisha Schmidt,1922,Eum eos et amet.
book,The Captain's Been,Sheilah Reynolds,1961,Ab officiis aut ut.
album,Jacked Choice,Buck Weimann,1943,Rem dignissimos vel aut.
album,Dark Volcano,Petra Zboncak,2009,Repellat molestiae eum magnam.
album,Strong Extract,Loura Adams,1973,Enim veritatis porro rem.
album,Street Treat,Hannah Blanda,1934,Eum voluptatem esse laborum.
album,Spilt Extract,Eveline Bogan MD,1994,Eum quae deleniti atque.
album,Pumpkin-spice Nuts,Raphael Daniel,1943,Aut accusamus possimus quia.
book,Street Solstice,Elton Brekke,2011,Quaerat odio quia eaque.
